Title,Author
$100M Leads,By: Alex Hormozi
The Eye of the Bedlam Bride,By: Matt Dinniman
Things We Left Behind,By: Lucy Score
The Way I Hate Him,By: Meghan Quinn
Tucker,By: Chadwick Moore
Dark Future,"By: Glenn Beck, Justin Trask Haskins"
Payback in Death,By: J. D. Robb
Iron Flame,By: Rebecca Yarros
The 32 Principles,"By: Rener Gracie, Paul Volponi, Jocko Willink - foreword"
After That Night,By: Karin Slaughter
Jackson,By: Neven Iliev
Tempting Little Thief,By: Meagan Brandy
I Could Never,By: Penelope Ward
In Service of Death,By: JD Kirk
Happiness for Beginners,By: Katherine Center
The Primal Hunter 6,By: Zogarth
Fun House,By: Lani Lynn Vale
Best Things First,By: Bjorn Lomborg
Elon Musk,By: Walter Isaacson
The One I Want,By: Siobhan Davis
